<?xml version="1.0" encoding="GBK"?>
<beans xmlns="http://www.springframework.org/schema/beans"
       xmlns:xsi="http://www.w3.org/2001/XMLSchema-instance"
       xsi:schemaLocation="http://www.springframework.org/schema/beans
       http://www.springframework.org/schema/beans/spring-beans-3.1.xsd">

    <!--<bean id="bookRepository" class="com.du.yangkuan.f18.repository.BookRepository" abstract="true"/>-->

    <!--<bean id="dvdRepository" class="com.du.yangkuan.f18.repository.DvdRepository" abstract="true" />-->

    <bean id="m1" class="com.du.yangkuan.f18.entity.Book">
        <constructor-arg index="0" value="Dare to go Solo"></constructor-arg>
        <constructor-arg index="1" value="Elizabeth Boese"></constructor-arg>
    </bean>    
    <bean id="m2" class="com.du.yangkuan.f18.entity.DVD">
        <constructor-arg index="0" value="Dare to go Solo"></constructor-arg>
        <constructor-arg index="1" value="2006"></constructor-arg>
    </bean>
    <bean id="m3" class="com.du.yangkuan.f18.entity.DVD">
        <constructor-arg index="0" value="Dare to go Solo"></constructor-arg>
        <constructor-arg index="1" value="1999"></constructor-arg>
    </bean>
    <bean id="m4" class="com.du.yangkuan.f18.entity.Book">
        <constructor-arg index="0" value="Intro to Programming with Java Applets"></constructor-arg>
        <constructor-arg index="1" value="Elizabeth Boese"></constructor-arg>
    </bean>  
    <bean id="m5" class="com.du.yangkuan.f18.entity.DVD">
        <constructor-arg index="0" value="Intro to Programming"></constructor-arg>
        <constructor-arg index="1" value="2011"></constructor-arg>
    </bean>
    <bean id="m6" class="com.du.yangkuan.f18.entity.DVD">
        <constructor-arg index="0" value="Intro to Programming"></constructor-arg>
        <constructor-arg index="1" value="1970"></constructor-arg>
    </bean>
    <bean id="m7" class="com.du.yangkuan.f18.entity.DVD">
        <constructor-arg index="0" value="Dare to go Solo"></constructor-arg>
        <constructor-arg index="1" value="2012"></constructor-arg>
    </bean>
    <bean id="m8" class="com.du.yangkuan.f18.entity.DVD">
        <constructor-arg index="0" value="Dare to go Solo"></constructor-arg>
        <constructor-arg index="1" value="2000"></constructor-arg>
    </bean>
    <bean id="m9" class="com.du.yangkuan.f18.entity.Book">
        <constructor-arg index="0" value="Dare to go Solo"></constructor-arg>
        <constructor-arg index="1" value="Wise Travelguy"></constructor-arg>
    </bean>  
    <bean id="m10" class="com.du.yangkuan.f18.entity.Book">
        <constructor-arg index="0" value="Intro to Programming with Java Applets"></constructor-arg>
        <constructor-arg index="1" value="Elizabeth Boe"></constructor-arg>
    </bean>  
    <bean id="m11" class="com.du.yangkuan.f18.entity.Book">
        <constructor-arg index="0" value="Yangkuan"></constructor-arg>
        <constructor-arg index="1" value="Du"></constructor-arg>
    </bean>
</beans>
