<?xml version="1.0" encoding='UTF-8'?>
<!DOCTYPE hibernate-mapping PUBLIC
        "-//Hibernate/Hibernate Mapping DTD 3.0//EN"
        "http://hibernate.sourceforge.net/hibernate-mapping-3.0.dtd">
<hibernate-mapping package="com.du.yangkuan.f18.entity">
    <class name="com.du.yangkuan.f18.entity.Book" table="Du_Book_F18">
        <id name="title" />
        <property name="author" />
    </class>

    <class name="com.du.yangkuan.f18.entity.DVD" table="Du_DVD_F18">
        <id name="title" />
        <property name="year" />
    </class>
</hibernate-mapping>